Query_ID	Target_ID	Optimal_offset	p-value	E-value	q-value	Overlap	Query_consensus	Target_consensus	Orientation
AKAP1_HepG2_CACAC	database_>M036_0.6_7	-4	0.00126342	2	0.983619	1	CCACACC	A	+
AKAP1_HepG2_CACAC	database_>M243_0.6_7	-4	0.00126342	2	0.983619	1	CCACACC	A	+
AKAP1_HepG2_CACAC	database_>M185_0.6_8	-4	0.00189514	3	0.983619	1	CCACACC	A	+
AKAP1_HepG2_CACAC	database_>M161_0.6_7	-4	0.00315856	5	0.983619	1	CCACACC	A	+
AKAP1_HepG2_CACAC	database_>s68_4	-4	0.00315856	5	0.983619	1	CCACACC	C	+
AKAP1_HepG2_CACAC	database_>s7_6	-4	0.00379027	6	0.983619	1	CCACACC	C	+
AKAP1_HepG2_GUGGG	database_>M044_0.6_7	-1	0.00252685	4	0.999976	1	UGUGGGG	G	+
AKAP1_HepG2_GUGGG	database_>M083_0.6_7	-1	0.00252685	4	0.999976	1	UGUGGGG	G	+
AKAP1_HepG2_GUGGG	database_>M145_0.6_7	-1	0.00252685	4	0.999976	1	UGUGGGG	G	+
AKAP1_HepG2_GUGGG	database_>s102_7	-1	0.00252685	4	0.999976	1	UGUGGGG	G	+
AKAP1_HepG2_GUGGG	database_>M009_0.6_7	-1	0.00442198	7	0.999976	1	UGUGGGG	G	+
AKAP1_HepG2_GUGGG	database_>M147_0.6_7	-1	0.00442198	7	0.999976	1	UGUGGGG	G	+
AKAP1_HepG2_GUGGG	database_>s99_7	-1	0.00442198	7	0.999976	1	UGUGGGG	G	+
AKAP1_HepG2_AGGGC	database_>M083_0.6_7	-4	0.00126342	2	0.97294	1	CAGGGCC	G	+
AKAP1_HepG2_AGGGC	database_>M145_0.6_7	-4	0.00126342	2	0.97294	1	CAGGGCC	G	+
AKAP1_HepG2_AGGGC	database_>M147_0.6_7	-4	0.00252685	4	0.97294	1	CAGGGCC	G	+
AKAP1_HepG2_AGGGC	database_>M151_0.6_7	-4	0.00252685	4	0.97294	1	CAGGGCC	G	+
AKAP1_HepG2_ACCCU	database_>M185_0.6_8	-6	0.00126342	2	0.894634	1	GACCCUA	A	+
AKAP1_HepG2_ACCCU	database_>s68_4	-6	0.00126342	2	0.894634	1	GACCCUA	C	+
AKAP1_HepG2_ACCCU	database_>M036_0.6_7	-6	0.00379027	6	0.894634	1	GACCCUA	A	+
AKAP1_HepG2_ACCCU	database_>M106_0.6_8	-6	0.00379027	6	0.894634	1	GACCCUA	C	+
AKAP1_HepG2_ACCCU	database_>s38_4	-6	0.00379027	6	0.894634	1	GACCCUA	C	+
AKAP1_HepG2_ACCCU	database_>s7_6	-6	0.00379027	6	0.894634	1	GACCCUA	C	+
AKAP1_HepG2_ACCCU	database_>M140_0.6_7	-6	0.0050537	8	0.894634	1	GACCCUA	C	+
AKAP1_HepG2_ACCCU	database_>M243_0.6_7	-6	0.0050537	8	0.894634	1	GACCCUA	A	+
AKAP1_HepG2_ACCCU	database_>M035_0.6_7	-6	0.00568541	9	0.894634	1	GACCCUA	C	+
AKAP1_HepG2_CCUUC	database_>M237_0.6_8	-5	0.00189514	3	0.999999	1	GCCUUCC	C	+
AKAP1_HepG2_CCUUC	database_>s20_6	-5	0.00189514	3	0.999999	1	GCCUUCC	C	+
AKAP1_HepG2_CCUUC	database_>s50_7	-5	0.00189514	3	0.999999	1	GCCUUCC	C	+
AKAP1_HepG2_CCUUC	database_>s8_7	-5	0.00252685	4	0.999999	1	GCCUUCC	C	+
AKAP1_HepG2_CCUUC	database_>s11_7	-5	0.00379027	6	0.999999	1	GCCUUCC	G	+
AKAP1_HepG2_CCUUC	database_>s48_7	-5	0.00379027	6	0.999999	1	GCCUUCC	C	+
AKAP1_HepG2_AGAGG	database_>s11_7	-6	0.000631712	1	1	1	CAGAGGC	G	+
AKAP1_HepG2_AGAGG	database_>M044_0.6_7	-6	0.00379027	6	1	1	CAGAGGC	G	+
AKAP1_HepG2_AGAGG	database_>s102_7	-6	0.00379027	6	1	1	CAGAGGC	G	+
AKAP1_HepG2_AGAGG	database_>s20_6	-6	0.00379027	6	1	1	CAGAGGC	C	+
AKAP1_HepG2_AGAGG	database_>s52_7	-6	0.00379027	6	1	1	CAGAGGC	G	+
AKAP1_HepG2_AGAGG	database_>s99_7	-6	0.00379027	6	1	1	CAGAGGC	G	+
AKAP1_HepG2_AGAGG	database_>M237_0.6_8	-6	0.00442198	7	1	1	CAGAGGC	C	+
AKAP1_HepG2_AGAGG	database_>M009_0.6_7	-6	0.00568541	9	1	1	CAGAGGC	G	+
AKAP1_HepG2_AGAGG	database_>s8_7	-6	0.00568541	9	1	1	CAGAGGC	C	+
AKAP1_HepG2_AGAGG	database_>M083_0.6_7	-6	0.00631712	10	1	1	CAGAGGC	G	+
AKAP1_HepG2_GGUCC	database_>M237_0.6_8	-6	0.00189514	3	0.93764	1	UGGUCCC	C	+
AKAP1_HepG2_GGUCC	database_>s20_6	-6	0.00189514	3	0.93764	1	UGGUCCC	C	+
AKAP1_HepG2_GGUCC	database_>s50_7	-6	0.00189514	3	0.93764	1	UGGUCCC	C	+
AKAP1_HepG2_GGUCC	database_>s8_7	-6	0.00252685	4	0.93764	1	UGGUCCC	C	+
AKAP1_HepG2_GGUCC	database_>s11_7	-6	0.00379027	6	0.93764	1	UGGUCCC	G	+
AKAP1_HepG2_GGUCC	database_>s48_7	-6	0.00379027	6	0.93764	1	UGGUCCC	C	+
AKAP1_HepG2_GGCCA	database_>M236_0.6_7	-3	0.000631712	1	0.860745	1	GGGCCAU	C	+
AKAP1_HepG2_GGCCA	database_>M026_0.6_7	-3	0.00442198	7	0.860745	1	GGGCCAU	C	+
AKAP1_HepG2_GGCCA	database_>M073_0.6_7	-3	0.00442198	7	0.860745	1	GGGCCAU	C	+
AKAP1_HepG2_GGCCA	database_>M139_0.6_7	-3	0.00442198	7	0.860745	1	GGGCCAU	C	+
AKAP1_HepG2_GGCCA	database_>M211_0.6_7	-3	0.00442198	7	0.860745	1	GGGCCAU	C	+
AKAP1_HepG2_GGCCA	database_>M227_0.6_7	-3	0.00442198	7	0.860745	1	GGGCCAU	C	+
AKAP1_HepG2_GGCCA	database_>M242_0.6_7	-3	0.00442198	7	0.860745	1	GGGCCAU	C	+
AKAP1_HepG2_GCUGG	database_>M044_0.6_7	-6	0.00504731	7.98989	1	1	UGCUGGG	G	+
AKAP1_HepG2_GCUGG	database_>M083_0.6_7	-6	0.00504731	7.98989	1	1	UGCUGGG	G	+
AKAP1_HepG2_GCUGG	database_>M145_0.6_7	-6	0.00504731	7.98989	1	1	UGCUGGG	G	+
AKAP1_HepG2_GCUGG	database_>s102_7	-6	0.00504731	7.98989	1	1	UGCUGGG	G	+
BCLAF1_HepG2_CAGAA	database_>M073_0.6_7	-1	0.00252685	4	0.653605	1	UCAGAAA	C	+
BCLAF1_HepG2_CAGAA	database_>M139_0.6_7	-1	0.00252685	4	0.653605	1	UCAGAAA	C	+
BCLAF1_HepG2_CAGAA	database_>M236_0.6_7	-1	0.00252685	4	0.653605	1	UCAGAAA	C	+
BCLAF1_HepG2_CAGAA	database_>M242_0.6_7	-1	0.00252685	4	0.653605	1	UCAGAAA	C	+
BCLAF1_HepG2_CAGAA	database_>M026_0.6_7	-1	0.00442198	7	0.653605	1	UCAGAAA	C	+
BCLAF1_HepG2_CAGAA	database_>M211_0.6_7	-1	0.00442198	7	0.653605	1	UCAGAAA	C	+
BCLAF1_HepG2_CAGAA	database_>M227_0.6_7	-1	0.00442198	7	0.653605	1	UCAGAAA	C	+
BCLAF1_HepG2_ACAAU	database_>M211_0.6_7	-2	0.00252685	4	0.794119	1	UACAAUU	C	+
BCLAF1_HepG2_ACAAU	database_>M227_0.6_7	-2	0.00252685	4	0.794119	1	UACAAUU	C	+
BCLAF1_HepG2_ACAAU	database_>M236_0.6_7	-2	0.00252685	4	0.794119	1	UACAAUU	C	+
BCLAF1_HepG2_ACAAU	database_>s38_4	-2	0.00252685	4	0.794119	1	UACAAUU	C	+
BCLAF1_HepG2_ACAAU	database_>M035_0.6_7	-2	0.0050537	8	0.794119	1	UACAAUU	C	+
BCLAF1_HepG2_ACAAU	database_>M073_0.6_7	-2	0.0050537	8	0.794119	1	UACAAUU	C	+
BCLAF1_HepG2_ACAAU	database_>M106_0.6_8	-2	0.0050537	8	0.794119	1	UACAAUU	C	+
BCLAF1_HepG2_ACAAU	database_>M140_0.6_7	-2	0.0050537	8	0.794119	1	UACAAUU	C	+
BCLAF1_HepG2_UACCU	database_>M073_0.6_7	-4	0.00252685	4	0.879959	1	AUACCUU	C	+
BCLAF1_HepG2_UACCU	database_>M139_0.6_7	-4	0.00252685	4	0.879959	1	AUACCUU	C	+
BCLAF1_HepG2_UACCU	database_>M236_0.6_7	-4	0.00252685	4	0.879959	1	AUACCUU	C	+
BCLAF1_HepG2_UACCU	database_>M242_0.6_7	-4	0.00252685	4	0.879959	1	AUACCUU	C	+
BCLAF1_HepG2_CUACA	database_>s50_7	-1	0.000631712	1	0.860629	1	GCUACAU	C	+
BCLAF1_HepG2_GCUUA	database_>s48_7	-2	0.00126342	2	0.919422	1	UGCUUAU	C	+
BCLAF1_HepG2_GCUUA	database_>s50_7	-2	0.00126342	2	0.919422	1	UGCUUAU	C	+
BCLAF1_HepG2_GUUAU	database_>M106_0.6_8	-6	0.00126342	2	0.70424	1	UGUUAUC	C	+
BCLAF1_HepG2_GUUAU	database_>s38_4	-6	0.00126342	2	0.70424	1	UGUUAUC	C	+
BCLAF1_HepG2_GUUAU	database_>M140_0.6_7	-6	0.00252685	4	0.70424	1	UGUUAUC	C	+
BCLAF1_HepG2_GUUAU	database_>M211_0.6_7	-6	0.00252685	4	0.70424	1	UGUUAUC	C	+
BCLAF1_HepG2_GUUAU	database_>M035_0.6_7	-6	0.00442198	7	0.70424	1	UGUUAUC	C	+
BCLAF1_HepG2_GUUAU	database_>M236_0.6_7	-6	0.00442198	7	0.70424	1	UGUUAUC	C	+
BCLAF1_HepG2_GUUAU	database_>s68_4	-6	0.00442198	7	0.70424	1	UGUUAUC	C	+
BCLAF1_HepG2_GAAGA	database_>M145_0.6_7	-1	0.00126342	2	1	1	UGAAGAU	G	+
BCLAF1_HepG2_GAAGA	database_>M147_0.6_7	-1	0.00126342	2	1	1	UGAAGAU	G	+
BCLAF1_HepG2_AUGCA	database_>M243_0.6_7	0	0.000631712	1	0.800524	1	AAUGUAC	A	+
BCLAF1_HepG2_AUGCA	database_>M036_0.6_7	0	0.00504771	7.99052	0.800524	1	AAUGUAC	A	+
BCLAF1_HepG2_AUGCA	database_>M106_0.6_8	-6	0.00504771	7.99052	0.800524	1	AAUGUAC	C	+
BCLAF1_HepG2_AUGCA	database_>M161_0.6_7	0	0.00504771	7.99052	0.800524	1	AAUGUAC	A	+
BCLAF1_HepG2_AUGCA	database_>M211_0.6_7	-6	0.00504771	7.99052	0.800524	1	AAUGUAC	C	+
BCLAF1_HepG2_AUGCA	database_>M227_0.6_7	-6	0.00504771	7.99052	0.800524	1	AAUGUAC	C	+
BCLAF1_HepG2_AUGCA	database_>M236_0.6_7	-6	0.00504771	7.99052	0.800524	1	AAUGUAC	C	+
BCLAF1_HepG2_AUGCA	database_>s38_4	-6	0.00504771	7.99052	0.800524	1	AAUGUAC	C	+
BCLAF1_HepG2_CCUAA	database_>s68_4	-1	0.000631712	1	0.928243	1	CACUAAA	C	+
BCLAF1_HepG2_CCUAA	database_>M036_0.6_7	-1	0.00379027	6	0.928243	1	CACUAAA	A	+
BCLAF1_HepG2_CCUAA	database_>M106_0.6_8	-1	0.00379027	6	0.928243	1	CACUAAA	C	+
BCLAF1_HepG2_CCUAA	database_>M185_0.6_8	-1	0.00379027	6	0.928243	1	CACUAAA	A	+
BCLAF1_HepG2_CCUAA	database_>s38_4	-1	0.00379027	6	0.928243	1	CACUAAA	C	+
BCLAF1_HepG2_CCUAA	database_>s7_6	-1	0.00379027	6	0.928243	1	CACUAAA	C	+
BCLAF1_HepG2_CCUAA	database_>M140_0.6_7	-1	0.0050537	8	0.928243	1	CACUAAA	C	+
BCLAF1_HepG2_CCUAA	database_>M243_0.6_7	-1	0.0050537	8	0.928243	1	CACUAAA	A	+
BCLAF1_HepG2_CCUAA	database_>M035_0.6_7	-1	0.00631712	10	0.928243	1	CACUAAA	C	+
BCLAF1_HepG2_CCUAA	database_>s3_7	-1	0.00631712	10	0.928243	1	CACUAAA	C	+
BCLAF1_HepG2_ACAUA	database_>M027_0.6_7	-1	0.00441959	6.99621	0.862834	1	AACAUAC	A	+
BCLAF1_HepG2_ACAUA	database_>M055_0.6_7	-1	0.00441959	6.99621	0.862834	1	AACAUAC	A	+
BCLAF1_HepG2_ACAUA	database_>M086_0.6_7	-1	0.00441959	6.99621	0.862834	1	AACAUAC	A	+
BCLAF1_HepG2_ACAUA	database_>M163_0.6_7	-1	0.00441959	6.99621	0.862834	1	AACAUAC	A	+
BCLAF1_HepG2_ACAUA	database_>M197_0.6_8	-1	0.00441959	6.99621	0.862834	1	AACAUAC	A	+
BCLAF1_HepG2_ACAUA	database_>M331_0.6_10	-1	0.00441959	6.99621	0.862834	1	AACAUAC	A	+
BCLAF1_HepG2_ACAUA	database_>s50_7	-2	0.00441959	6.99621	0.862834	1	AACAUAC	C	+
BCLAF1_HepG2_AUUGC	database_>M237_0.6_8	-5	0.00378668	5.99431	0.840655	1	CAUUGCU	C	+
BCLAF1_HepG2_AUUGC	database_>s20_6	-5	0.00378668	5.99431	0.840655	1	CAUUGCU	C	+
BCLAF1_HepG2_AUUGC	database_>s50_7	-5	0.00378668	5.99431	0.840655	1	CAUUGCU	C	+
BCLAF1_HepG2_AUUGC	database_>s8_7	-5	0.00504731	7.98989	0.840655	1	CAUUGCU	C	+
BCLAF1_HepG2_UGGUA	database_>M083_0.6_7	-2	0.00126342	2	0.939899	1	AUGGUAU	G	+
BCLAF1_HepG2_UGGUA	database_>M145_0.6_7	-2	0.00126342	2	0.939899	1	AUGGUAU	G	+
BCLAF1_HepG2_UGGUA	database_>M147_0.6_7	-2	0.00252685	4	0.939899	1	AUGGUAU	G	+
BCLAF1_HepG2_UGGUA	database_>s102_7	-2	0.00252685	4	0.939899	1	AUGGUAU	G	+
BCLAF1_HepG2_UGGUA	database_>M044_0.6_7	-2	0.00631712	10	0.939899	1	AUGGUAU	G	+
BCLAF1_HepG2_UGGUA	database_>M076_0.6_7	-2	0.00631712	10	0.939899	1	AUGGUAU	G	+
BCLAF1_HepG2_UGGUA	database_>M109_0.6_7	-2	0.00631712	10	0.939899	1	AUGGUAU	G	+
BCLAF1_HepG2_UGGUA	database_>M123_0.6_7	-2	0.00631712	10	0.939899	1	AUGGUAU	G	+
BCLAF1_HepG2_UGGUA	database_>M151_0.6_7	-2	0.00631712	10	0.939899	1	AUGGUAU	G	+
BCLAF1_HepG2_UGGUA	database_>s99_7	-2	0.00631712	10	0.939899	1	AUGGUAU	G	+
BCLAF1_HepG2_UCUAU	database_>M036_0.6_7	-4	0.00126342	2	0.895777	1	CUCUAUA	A	+
BCLAF1_HepG2_UCUAU	database_>M185_0.6_8	-4	0.00126342	2	0.895777	1	CUCUAUA	A	+
BCLAF1_HepG2_UCUAU	database_>M243_0.6_7	-4	0.00252685	4	0.895777	1	CUCUAUA	A	+
BCLAF1_HepG2_UCUAU	database_>s68_4	-4	0.00252685	4	0.895777	1	CUCUAUA	C	+
BCLAF1_HepG2_UCUAU	database_>M161_0.6_7	-4	0.00379027	6	0.895777	1	CUCUAUA	A	+
BCLAF1_HepG2_UCUAU	database_>s7_6	-4	0.00379027	6	0.895777	1	CUCUAUA	C	+
BCLAF1_HepG2_UCUAU	database_>M106_0.6_8	-4	0.00631712	10	0.895777	1	CUCUAUA	C	+
BCLAF1_HepG2_UCUAU	database_>M140_0.6_7	-4	0.00631712	10	0.895777	1	CUCUAUA	C	+
BCLAF1_HepG2_UCUAU	database_>s38_4	-4	0.00631712	10	0.895777	1	CUCUAUA	C	+
BCLAF1_HepG2_UCUAU	database_>s3_7	-4	0.00631712	10	0.895777	1	CUCUAUA	C	+
DDX3X_HepG2_CCGGG	database_>s48_7	-1	0.000631712	1	1	1	CCCGGGG	C	+
DDX3X_HepG2_CUGCU	database_>M083_0.6_7	-6	0.00189514	3	0.999998	1	GCUGCUG	G	+
DDX3X_HepG2_CUGCU	database_>M145_0.6_7	-6	0.00189514	3	0.999998	1	GCUGCUG	G	+
DDX3X_HepG2_CUGCU	database_>M147_0.6_7	-6	0.00189514	3	0.999998	1	GCUGCUG	G	+
DDX3X_HepG2_GGAGG	database_>M044_0.6_7	-6	0.00189514	3	1	1	GGGAGGG	G	+
DDX3X_HepG2_GGAGG	database_>s102_7	-6	0.00189514	3	1	1	GGGAGGG	G	+
DDX3X_HepG2_GGAGG	database_>s99_7	-6	0.00189514	3	1	1	GGGAGGG	G	+
DDX3X_HepG2_GGAGG	database_>s11_7	-6	0.00315856	5	1	1	GGGAGGG	G	+
DDX3X_HepG2_GGAGG	database_>s52_7	-6	0.00315856	5	1	1	GGGAGGG	G	+
DDX3X_HepG2_GGAGG	database_>M083_0.6_7	-6	0.00442198	7	1	1	GGGAGGG	G	+
DDX3X_HepG2_GGAGG	database_>M145_0.6_7	-6	0.00442198	7	1	1	GGGAGGG	G	+
DDX3X_HepG2_GGAGG	database_>M009_0.6_7	-6	0.00631353	9.99432	1	1	GGGAGGG	G	+
DDX3X_HepG2_GGAGG	database_>s20_6	-6	0.00631353	9.99432	1	1	GGGAGGG	C	+
DDX3X_HepG2_CAGCC	database_>M036_0.6_7	-2	0.00252685	4	0.997829	1	CCAGCCG	A	+
DDX3X_HepG2_CAGCC	database_>M185_0.6_8	-2	0.00252685	4	0.997829	1	CCAGCCG	A	+
DDX3X_HepG2_CAGCC	database_>M243_0.6_7	-2	0.00252685	4	0.997829	1	CCAGCCG	A	+
DDX3X_HepG2_CAGCC	database_>s68_4	-2	0.00252685	4	0.997829	1	CCAGCCG	C	+
DDX3X_HepG2_CAGCC	database_>s7_6	-2	0.00315856	5	0.997829	1	CCAGCCG	C	+
DDX3X_HepG2_CAGCC	database_>s3_7	-2	0.00379027	6	0.997829	1	CCAGCCG	C	+
DDX3X_HepG2_CAGCC	database_>M106_0.6_8	-2	0.0050537	8	0.997829	1	CCAGCCG	C	+
DDX3X_HepG2_CAGCC	database_>M161_0.6_7	-2	0.0050537	8	0.997829	1	CCAGCCG	A	+
DDX3X_HepG2_CAGCC	database_>s11_7	0	0.00631353	9.99432	0.997829	1	CCAGCCG	G	+
DDX3X_HepG2_CAGCC	database_>s38_4	-2	0.00631353	9.99432	0.997829	1	CCAGCCG	C	+
DDX3X_HepG2_GCGAG	database_>M151_0.6_7	-1	0.000631712	1	0.999989	1	CGCGAGG	G	+
DDX3X_HepG2_GCUGG	database_>M029_0.6_7	-5	0.00631712	10	0.937513	1	GGCUGGC	G	+
DDX3X_HepG2_GCUGG	database_>M033_0.6_8	-5	0.00631712	10	0.937513	1	GGCUGGC	G	+
DDX3X_HepG2_GCUGG	database_>M048_0.6_7	-5	0.00631712	10	0.937513	1	GGCUGGC	G	+
DDX3X_HepG2_GCUGG	database_>M053_0.6_7	-5	0.00631712	10	0.937513	1	GGCUGGC	G	+
DDX3X_HepG2_GCUGG	database_>M054_0.6_7	-5	0.00631712	10	0.937513	1	GGCUGGC	G	+
DDX3X_HepG2_GCUGG	database_>M071_0.6_8	-5	0.00631712	10	0.937513	1	GGCUGGC	G	+
DDX3X_HepG2_GCUGG	database_>M092_0.6_7	-5	0.00631712	10	0.937513	1	GGCUGGC	G	+
DDX3X_HepG2_GCUGG	database_>M093_0.6_7	-5	0.00631712	10	0.937513	1	GGCUGGC	G	+
DDX3X_HepG2_GCUGG	database_>M134_0.6_8	-5	0.00631712	10	0.937513	1	GGCUGGC	G	+
DDX3X_HepG2_GCUGG	database_>s57_10	-5	0.00631712	10	0.937513	1	GGCUGGC	G	+
DDX3X_HepG2_GACCG	database_>M237_0.6_8	-6	0.00252565	3.99811	0.863527	1	GGACCGC	C	+
DDX3X_HepG2_GACCG	database_>M243_0.6_7	-2	0.00252565	3.99811	0.863527	1	GGACCGC	A	+
DDX3X_HepG2_GACCG	database_>s20_6	-6	0.00252565	3.99811	0.863527	1	GGACCGC	C	+
DDX3X_HepG2_GACCG	database_>s50_7	-6	0.00252565	3.99811	0.863527	1	GGACCGC	C	+
DDX3X_HepG2_GACCG	database_>M036_0.6_7	-2	0.00441719	6.99242	0.863527	1	GGACCGC	A	+
DDX3X_HepG2_GACCG	database_>M161_0.6_7	-2	0.00441719	6.99242	0.863527	1	GGACCGC	A	+
DDX3X_HepG2_GACCG	database_>M185_0.6_8	-2	0.00441719	6.99242	0.863527	1	GGACCGC	A	+
DDX3X_HepG2_GCGGC	database_>M009_0.6_7	-6	0.00252565	3.99811	0.996906	1	GGCGGCG	G	+
DDX3X_HepG2_GCGGC	database_>M026_0.6_7	-5	0.00252565	3.99811	0.996906	1	GGCGGCG	C	+
DDX3X_HepG2_GCGGC	database_>M083_0.6_7	-6	0.00252565	3.99811	0.996906	1	GGCGGCG	G	+
DDX3X_HepG2_GCGGC	database_>s102_7	-6	0.00252565	3.99811	0.996906	1	GGCGGCG	G	+
DDX3X_HepG2_GCCGA	database_>M044_0.6_7	-4	0.00126342	2	0.854278	1	GGCCGAC	G	+
DDX3X_HepG2_GCCGA	database_>s102_7	-4	0.00126342	2	0.854278	1	GGCCGAC	G	+
DDX3X_HepG2_GCCGA	database_>s99_7	-4	0.00189514	3	0.854278	1	GGCCGAC	G	+
DDX3X_HepG2_GCCGA	database_>M083_0.6_7	-4	0.00379027	6	0.854278	1	GGCCGAC	G	+
DDX3X_HepG2_GCCGA	database_>M145_0.6_7	-4	0.00379027	6	0.854278	1	GGCCGAC	G	+
DDX3X_HepG2_GCCGA	database_>s11_7	-4	0.00379027	6	0.854278	1	GGCCGAC	G	+
DDX3X_HepG2_GCCGA	database_>M009_0.6_7	-4	0.0050537	8	0.854278	1	GGCCGAC	G	+
DDX3X_HepG2_GCCGA	database_>s52_7	-4	0.0050537	8	0.854278	1	GGCCGAC	G	+
DDX3X_HepG2_GCCUG	database_>M044_0.6_7	-5	0.00441719	6.99242	0.875793	1	UGCCUGC	G	+
DDX3X_HepG2_GCCUG	database_>M083_0.6_7	-5	0.00441719	6.99242	0.875793	1	UGCCUGC	G	+
DDX3X_HepG2_GCCUG	database_>M145_0.6_7	-5	0.00441719	6.99242	0.875793	1	UGCCUGC	G	+
DDX3X_HepG2_GCCUG	database_>M237_0.6_8	-6	0.00441719	6.99242	0.875793	1	UGCCUGC	C	+
DDX3X_HepG2_GCCUG	database_>s102_7	-5	0.00441719	6.99242	0.875793	1	UGCCUGC	G	+
DDX3X_HepG2_GCCUG	database_>s20_6	-6	0.00441719	6.99242	0.875793	1	UGCCUGC	C	+
DDX3X_HepG2_GCCUG	database_>s50_7	-6	0.00441719	6.99242	0.875793	1	UGCCUGC	C	+
DDX3X_HepG2_GGUGC	database_>M044_0.6_7	-1	0.00126342	2	1	1	CGGUGCU	G	+
DDX3X_HepG2_GGUGC	database_>s102_7	-1	0.00126342	2	1	1	CGGUGCU	G	+
DDX3X_HepG2_GGUGC	database_>s99_7	-1	0.00189514	3	1	1	CGGUGCU	G	+
DDX3X_HepG2_GGUGC	database_>M083_0.6_7	-1	0.00379027	6	1	1	CGGUGCU	G	+
DDX3X_HepG2_GGUGC	database_>M145_0.6_7	-1	0.00379027	6	1	1	CGGUGCU	G	+
DDX3X_HepG2_GGUGC	database_>s11_7	-1	0.00379027	6	1	1	CGGUGCU	G	+
DDX3X_HepG2_GGUGC	database_>M009_0.6_7	-1	0.0050537	8	1	1	CGGUGCU	G	+
DDX3X_HepG2_GGUGC	database_>s52_7	-1	0.0050537	8	1	1	CGGUGCU	G	+
DDX3X_HepG2_GGUGC	database_>M147_0.6_7	-1	0.00568541	9	1	1	CGGUGCU	G	+
DDX3X_HepG2_CCCAG	database_>s50_7	0	0.000631712	1	1	1	CCCCAGG	C	+
DDX3X_HepG2_CGGAA	database_>M185_0.6_8	-6	0.00189434	2.99874	0.995578	1	CCGGAAA	A	+
DDX3X_HepG2_CGGAA	database_>s11_7	0	0.00189434	2.99874	0.995578	1	CCGGAAA	G	+
DDX3X_HepG2_CGGAA	database_>s68_4	-6	0.00189434	2.99874	0.995578	1	CCGGAAA	C	+
DDX3X_HepG2_GCACG	database_>M185_0.6_8	0	0.00126342	2	1	1	AGCACGC	A	+
DDX3X_HepG2_GCACG	database_>s68_4	0	0.00126342	2	1	1	AGCACGC	C	+
DDX3X_HepG2_GCACG	database_>M036_0.6_7	0	0.00379027	6	1	1	AGCACGC	A	+
DDX3X_HepG2_GCACG	database_>M106_0.6_8	0	0.00379027	6	1	1	AGCACGC	C	+
DDX3X_HepG2_GCACG	database_>s38_4	0	0.00379027	6	1	1	AGCACGC	C	+
DDX3X_HepG2_GCACG	database_>s7_6	0	0.00379027	6	1	1	AGCACGC	C	+
DDX3X_HepG2_GCACG	database_>M140_0.6_7	0	0.0050537	8	1	1	AGCACGC	C	+
DDX3X_HepG2_GCACG	database_>M243_0.6_7	0	0.0050537	8	1	1	AGCACGC	A	+
DDX3X_HepG2_GCACG	database_>M035_0.6_7	0	0.00568541	9	1	1	AGCACGC	C	+
DDX3X_HepG2_CUACGG	database_>s11_7	-2	0.00189514	3	1	1	CUCCGGG	G	+
DDX3X_HepG2_CUACGG	database_>s52_7	-2	0.00189514	3	1	1	CUCCGGG	G	+
DDX3X_HepG2_CUACGG	database_>s99_7	-2	0.00189514	3	1	1	CUCCGGG	G	+
DDX3X_HepG2_CUACGG	database_>M044_0.6_7	-2	0.00315696	4.99747	1	1	CUCCGGG	G	+
G3BP1_HepG2_CUUAC	database_>M083_0.6_7	0	0.00378668	5.99431	0.809007	1	GCUUACC	G	+
G3BP1_HepG2_CUUAC	database_>M145_0.6_7	0	0.00378668	5.99431	0.809007	1	GCUUACC	G	+
G3BP1_HepG2_CUUAC	database_>M237_0.6_8	-1	0.00378668	5.99431	0.809007	1	GCUUACC	C	+
G3BP1_HepG2_CUUAC	database_>s102_7	0	0.00378668	5.99431	0.809007	1	GCUUACC	G	+
G3BP1_HepG2_CUUAC	database_>s20_6	-1	0.00378668	5.99431	0.809007	1	GCUUACC	C	+
G3BP1_HepG2_CUUAC	database_>s50_7	-1	0.00378668	5.99431	0.809007	1	GCUUACC	C	+
G3BP1_HepG2_CUUAC	database_>M044_0.6_7	0	0.00441719	6.99242	0.809007	1	GCUUACC	G	+
GRWD1_HepG2_UCCUC	database_>M036_0.6_7	0	0.00252685	4	0.999017	1	CUCCUCC	A	+
GRWD1_HepG2_UCCUC	database_>M185_0.6_8	0	0.00252685	4	0.999017	1	CUCCUCC	A	+
GRWD1_HepG2_UCCUC	database_>s68_4	0	0.00252685	4	0.999017	1	CUCCUCC	C	+
GRWD1_HepG2_UCCUC	database_>s7_6	0	0.00252685	4	0.999017	1	CUCCUCC	C	+
GRWD1_HepG2_UCCUC	database_>M106_0.6_8	0	0.00567982	8.99116	0.999017	1	CUCCUCC	C	+
GRWD1_HepG2_UCCUC	database_>M211_0.6_7	-3	0.00567982	8.99116	0.999017	1	CUCCUCC	C	+
GRWD1_HepG2_UCCUC	database_>M236_0.6_7	-3	0.00567982	8.99116	0.999017	1	CUCCUCC	C	+
GRWD1_HepG2_UCCUC	database_>s38_4	0	0.00567982	8.99116	0.999017	1	CUCCUCC	C	+
GRWD1_HepG2_UCCUC	database_>s3_7	0	0.00567982	8.99116	0.999017	1	CUCCUCC	C	+
GRWD1_HepG2_GCGCU	database_>M106_0.6_8	-2	0.00315856	5	0.913205	1	AGCGCUU	C	+
GRWD1_HepG2_GCGCU	database_>M211_0.6_7	-2	0.00315856	5	0.913205	1	AGCGCUU	C	+
GRWD1_HepG2_GCGCU	database_>M227_0.6_7	-2	0.00315856	5	0.913205	1	AGCGCUU	C	+
GRWD1_HepG2_GCGCU	database_>M236_0.6_7	-2	0.00315856	5	0.913205	1	AGCGCUU	C	+
GRWD1_HepG2_GCGCU	database_>s38_4	-2	0.00315856	5	0.913205	1	AGCGCUU	C	+
GRWD1_HepG2_GCGCU	database_>M035_0.6_7	-2	0.00631712	10	0.913205	1	AGCGCUU	C	+
GRWD1_HepG2_GCGCU	database_>M073_0.6_7	-2	0.00631712	10	0.913205	1	AGCGCUU	C	+
GRWD1_HepG2_GCGCU	database_>M139_0.6_7	-2	0.00631712	10	0.913205	1	AGCGCUU	C	+
GRWD1_HepG2_GCGCU	database_>M140_0.6_7	-2	0.00631712	10	0.913205	1	AGCGCUU	C	+
GRWD1_HepG2_GCGCU	database_>M242_0.6_7	-2	0.00631712	10	0.913205	1	AGCGCUU	C	+
GRWD1_HepG2_AGGUG	database_>s11_7	0	0.000631712	1	0.999999	1	CAGGAAG	G	+
GRWD1_HepG2_AGGUG	database_>M044_0.6_7	0	0.00379027	6	0.999999	1	CAGGAAG	G	+
GRWD1_HepG2_AGGUG	database_>s102_7	0	0.00379027	6	0.999999	1	CAGGAAG	G	+
GRWD1_HepG2_AGGUG	database_>s20_6	0	0.00379027	6	0.999999	1	CAGGAAG	C	+
GRWD1_HepG2_AGGUG	database_>s52_7	0	0.00379027	6	0.999999	1	CAGGAAG	G	+
GRWD1_HepG2_AGGUG	database_>s99_7	0	0.00379027	6	0.999999	1	CAGGAAG	G	+
GRWD1_HepG2_AGGUG	database_>M237_0.6_8	0	0.00442198	7	0.999999	1	CAGGAAG	C	+
GRWD1_HepG2_AGGUG	database_>M009_0.6_7	0	0.00568541	9	0.999999	1	CAGGAAG	G	+
GRWD1_HepG2_AGGUG	database_>s8_7	0	0.00568541	9	0.999999	1	CAGGAAG	C	+
GRWD1_HepG2_AGGUG	database_>M083_0.6_7	0	0.00631712	10	0.999999	1	CAGGAAG	G	+
GRWD1_HepG2_AACAG	database_>M237_0.6_8	0	0.00189514	3	1	1	CAACAGU	C	+
GRWD1_HepG2_AACAG	database_>s20_6	0	0.00189514	3	1	1	CAACAGU	C	+
GRWD1_HepG2_AACAG	database_>s50_7	0	0.00189514	3	1	1	CAACAGU	C	+
GRWD1_HepG2_AACAG	database_>s8_7	0	0.00252685	4	1	1	CAACAGU	C	+
GRWD1_HepG2_AACAG	database_>s11_7	0	0.00379027	6	1	1	CAACAGU	G	+
GRWD1_HepG2_AACAG	database_>s48_7	0	0.00379027	6	1	1	CAACAGU	C	+
GRWD1_HepG2_AGCGA	database_>M044_0.6_7	0	0.00252685	4	1	1	GAGCGAU	G	+
GRWD1_HepG2_AGCGA	database_>M083_0.6_7	0	0.00252685	4	1	1	GAGCGAU	G	+
GRWD1_HepG2_AGCGA	database_>M145_0.6_7	0	0.00252685	4	1	1	GAGCGAU	G	+
GRWD1_HepG2_AGCGA	database_>s102_7	0	0.00252685	4	1	1	GAGCGAU	G	+
GRWD1_HepG2_AGCGA	database_>M009_0.6_7	0	0.00442198	7	1	1	GAGCGAU	G	+
GRWD1_HepG2_AGCGA	database_>M147_0.6_7	0	0.00442198	7	1	1	GAGCGAU	G	+
GRWD1_HepG2_AGCGA	database_>s99_7	0	0.00442198	7	1	1	GAGCGAU	G	+
GRWD1_HepG2_CUUCA	database_>M027_0.6_7	-5	0.00315856	5	0.87238	1	CCUUCAG	A	+
GRWD1_HepG2_CUUCA	database_>M055_0.6_7	-5	0.00315856	5	0.87238	1	CCUUCAG	A	+
GRWD1_HepG2_CUUCA	database_>M086_0.6_7	-5	0.00315856	5	0.87238	1	CCUUCAG	A	+
GRWD1_HepG2_CUUCA	database_>M163_0.6_7	-5	0.00315856	5	0.87238	1	CCUUCAG	A	+
GRWD1_HepG2_CUUCA	database_>M331_0.6_10	-5	0.00315856	5	0.87238	1	CCUUCAG	A	+
GRWD1_HepG2_GGCCG	database_>M106_0.6_8	-3	0.00315856	5	0.915002	1	UGGCCGU	C	+
GRWD1_HepG2_GGCCG	database_>M211_0.6_7	-3	0.00315856	5	0.915002	1	UGGCCGU	C	+
GRWD1_HepG2_GGCCG	database_>M227_0.6_7	-3	0.00315856	5	0.915002	1	UGGCCGU	C	+
GRWD1_HepG2_GGCCG	database_>M236_0.6_7	-3	0.00315856	5	0.915002	1	UGGCCGU	C	+
GRWD1_HepG2_GGCCG	database_>s38_4	-3	0.00315856	5	0.915002	1	UGGCCGU	C	+
GRWD1_HepG2_GGCCG	database_>M035_0.6_7	-3	0.00631712	10	0.915002	1	UGGCCGU	C	+
GRWD1_HepG2_GGCCG	database_>M073_0.6_7	-3	0.00631712	10	0.915002	1	UGGCCGU	C	+
GRWD1_HepG2_GGCCG	database_>M139_0.6_7	-3	0.00631712	10	0.915002	1	UGGCCGU	C	+
GRWD1_HepG2_GGCCG	database_>M140_0.6_7	-3	0.00631712	10	0.915002	1	UGGCCGU	C	+
GRWD1_HepG2_GGCCG	database_>M242_0.6_7	-3	0.00631712	10	0.915002	1	UGGCCGU	C	+
GRWD1_HepG2_UGGAU	database_>s11_7	0	0.000631712	1	0.894568	1	CUGGAUA	G	+
GRWD1_HepG2_UGGAU	database_>M044_0.6_7	0	0.00379027	6	0.894568	1	CUGGAUA	G	+
GRWD1_HepG2_UGGAU	database_>s102_7	0	0.00379027	6	0.894568	1	CUGGAUA	G	+
GRWD1_HepG2_UGGAU	database_>s20_6	0	0.00379027	6	0.894568	1	CUGGAUA	C	+
GRWD1_HepG2_UGGAU	database_>s52_7	0	0.00379027	6	0.894568	1	CUGGAUA	G	+
GRWD1_HepG2_UGGAU	database_>s99_7	0	0.00379027	6	0.894568	1	CUGGAUA	G	+
GRWD1_HepG2_UGGAU	database_>M237_0.6_8	0	0.00442198	7	0.894568	1	CUGGAUA	C	+
GRWD1_HepG2_UGGAU	database_>M009_0.6_7	0	0.00568541	9	0.894568	1	CUGGAUA	G	+
GRWD1_HepG2_UGGAU	database_>s8_7	0	0.00568541	9	0.894568	1	CUGGAUA	C	+
GRWD1_HepG2_UGGAU	database_>M083_0.6_7	0	0.00631712	10	0.894568	1	CUGGAUA	G	+
GRWD1_HepG2_GAAGCU	database_>s68_4	-4	0.000631712	1	0.882688	1	GAAGAUG	C	+
GRWD1_HepG2_GAAGCU	database_>M036_0.6_7	-4	0.00379027	6	0.882688	1	GAAGAUG	A	+
GRWD1_HepG2_GAAGCU	database_>M106_0.6_8	-4	0.00379027	6	0.882688	1	GAAGAUG	C	+
GRWD1_HepG2_GAAGCU	database_>M185_0.6_8	-4	0.00379027	6	0.882688	1	GAAGAUG	A	+
GRWD1_HepG2_GAAGCU	database_>s38_4	-4	0.00379027	6	0.882688	1	GAAGAUG	C	+
GRWD1_HepG2_GAAGCU	database_>s7_6	-4	0.00379027	6	0.882688	1	GAAGAUG	C	+
GRWD1_HepG2_GAAGCU	database_>M140_0.6_7	-4	0.0050537	8	0.882688	1	GAAGAUG	C	+
GRWD1_HepG2_GAAGCU	database_>M243_0.6_7	-4	0.0050537	8	0.882688	1	GAAGAUG	A	+
GRWD1_HepG2_GAAGCU	database_>M035_0.6_7	-4	0.00631712	10	0.882688	1	GAAGAUG	C	+
GRWD1_HepG2_GAAGCU	database_>s3_7	-4	0.00631712	10	0.882688	1	GAAGAUG	C	+
LARP4_HepG2_CCCCA	database_>M243_0.6_7	-5	0.000631712	1	0.922628	1	ACCCCAU	A	+
LARP4_HepG2_CCCCA	database_>M036_0.6_7	-5	0.00189514	3	0.922628	1	ACCCCAU	A	+
LARP4_HepG2_CCCCA	database_>M161_0.6_7	-5	0.00189514	3	0.922628	1	ACCCCAU	A	+
LARP4_HepG2_GGCAG	database_>M237_0.6_8	-3	0.00189514	3	1	1	GGGCAGG	C	+
LARP4_HepG2_GGCAG	database_>s20_6	-3	0.00189514	3	1	1	GGGCAGG	C	+
LARP4_HepG2_GGCAG	database_>s50_7	-3	0.00189514	3	1	1	GGGCAGG	C	+
LARP4_HepG2_GGCAG	database_>s8_7	-3	0.00252685	4	1	1	GGGCAGG	C	+
LARP4_HepG2_GGCAG	database_>s11_7	-3	0.00379027	6	1	1	GGGCAGG	G	+
LARP4_HepG2_GGCAG	database_>s48_7	-3	0.00379027	6	1	1	GGGCAGG	C	+
PPIG_HepG2_CACGG	database_>M237_0.6_8	-3	0.00252685	4	0.860068	1	CCACGGA	C	+
PPIG_HepG2_CACGG	database_>s20_6	-3	0.00252685	4	0.860068	1	CCACGGA	C	+
PPIG_HepG2_CACGG	database_>s50_7	-3	0.00252685	4	0.860068	1	CCACGGA	C	+
PPIG_HepG2_CACGG	database_>s8_7	-3	0.00252685	4	0.860068	1	CCACGGA	C	+
PPIG_HepG2_CCUGG	database_>M083_0.6_7	-5	0.00126342	2	0.880279	1	UCCUGGG	G	+
PPIG_HepG2_CCUGG	database_>M145_0.6_7	-5	0.00126342	2	0.880279	1	UCCUGGG	G	+
PPIG_HepG2_CCUGG	database_>M147_0.6_7	-5	0.00252685	4	0.880279	1	UCCUGGG	G	+
PPIG_HepG2_CCUGG	database_>s102_7	-5	0.00252685	4	0.880279	1	UCCUGGG	G	+
PPIG_HepG2_CCUGG	database_>M044_0.6_7	-5	0.00315856	5	0.880279	1	UCCUGGG	G	+
PPIG_HepG2_CCUGG	database_>M076_0.6_7	-5	0.00631712	10	0.880279	1	UCCUGGG	G	+
PPIG_HepG2_CCUGG	database_>M109_0.6_7	-5	0.00631712	10	0.880279	1	UCCUGGG	G	+
PPIG_HepG2_CCUGG	database_>M123_0.6_7	-5	0.00631712	10	0.880279	1	UCCUGGG	G	+
PPIG_HepG2_CCUGG	database_>M151_0.6_7	-5	0.00631712	10	0.880279	1	UCCUGGG	G	+
PPIG_HepG2_CCUGG	database_>s99_7	-5	0.00631712	10	0.880279	1	UCCUGGG	G	+
PPIG_HepG2_GAAGG	database_>M027_0.6_7	-2	0.00315856	5	1	1	GGAAGGC	A	+
PPIG_HepG2_GAAGG	database_>M055_0.6_7	-2	0.00315856	5	1	1	GGAAGGC	A	+
PPIG_HepG2_GAAGG	database_>M163_0.6_7	-2	0.00315856	5	1	1	GGAAGGC	A	+
PPIG_HepG2_GAAGG	database_>M197_0.6_8	-2	0.00315856	5	1	1	GGAAGGC	A	+
PPIG_HepG2_GAAGG	database_>M331_0.6_10	-2	0.00315856	5	1	1	GGAAGGC	A	+
PPIG_HepG2_CUGUG	database_>M026_0.6_7	-6	0.00315856	5	0.918439	1	CCUGUGC	C	+
PPIG_HepG2_CUGUG	database_>M073_0.6_7	-6	0.00315856	5	0.918439	1	CCUGUGC	C	+
PPIG_HepG2_CUGUG	database_>M139_0.6_7	-6	0.00315856	5	0.918439	1	CCUGUGC	C	+
PPIG_HepG2_CUGUG	database_>M236_0.6_7	-6	0.00315856	5	0.918439	1	CCUGUGC	C	+
PPIG_HepG2_CUGUG	database_>M242_0.6_7	-6	0.00315856	5	0.918439	1	CCUGUGC	C	+
PPIG_HepG2_GAUGC	database_>M026_0.6_7	-2	0.00252685	4	0.901696	1	UGCUGCA	C	+
PPIG_HepG2_GAUGC	database_>M073_0.6_7	-2	0.00252685	4	0.901696	1	UGCUGCA	C	+
PPIG_HepG2_GAUGC	database_>M139_0.6_7	-2	0.00252685	4	0.901696	1	UGCUGCA	C	+
PPIG_HepG2_GAUGC	database_>M242_0.6_7	-2	0.00252685	4	0.901696	1	UGCUGCA	C	+
PPIG_HepG2_UGCUG	database_>M044_0.6_7	-6	0.00126342	2	0.884072	1	CUGCUGG	G	+
PPIG_HepG2_UGCUG	database_>s102_7	-6	0.00126342	2	0.884072	1	CUGCUGG	G	+
PPIG_HepG2_UGCUG	database_>M083_0.6_7	-6	0.00315856	5	0.884072	1	CUGCUGG	G	+
PPIG_HepG2_UGCUG	database_>M145_0.6_7	-6	0.00315856	5	0.884072	1	CUGCUGG	G	+
PPIG_HepG2_UGCUG	database_>s99_7	-6	0.00315856	5	0.884072	1	CUGCUGG	G	+
PPIG_HepG2_UGCUG	database_>M009_0.6_7	-6	0.00442198	7	0.884072	1	CUGCUGG	G	+
PPIG_HepG2_UGCUG	database_>s11_7	-6	0.00442198	7	0.884072	1	CUGCUGG	G	+
PPIG_HepG2_UGCUG	database_>s52_7	-6	0.0050537	8	0.884072	1	CUGCUGG	G	+
PPIG_HepG2_UGCUG	database_>M123_0.6_7	-6	0.00631712	10	0.884072	1	CUGCUGG	G	+
PPIG_HepG2_UGCUG	database_>M147_0.6_7	-6	0.00631712	10	0.884072	1	CUGCUGG	G	+
PPIG_HepG2_GCUCC	database_>M026_0.6_7	-5	0.00441799	6.99368	0.954021	1	UGCUCCU	C	+
PPIG_HepG2_GCUCC	database_>M073_0.6_7	-5	0.00441799	6.99368	0.954021	1	UGCUCCU	C	+
PPIG_HepG2_GCUCC	database_>M139_0.6_7	-5	0.00441799	6.99368	0.954021	1	UGCUCCU	C	+
PPIG_HepG2_GCUCC	database_>M236_0.6_7	-5	0.00441799	6.99368	0.954021	1	UGCUCCU	C	+
PPIG_HepG2_GCUCC	database_>M242_0.6_7	-5	0.00441799	6.99368	0.954021	1	UGCUCCU	C	+
PPIG_HepG2_GCUCC	database_>s48_7	-2	0.00441799	6.99368	0.954021	1	UGCUCCU	C	+
PPIG_HepG2_GCUCC	database_>s50_7	-2	0.00441799	6.99368	0.954021	1	UGCUCCU	C	+
PPIG_HepG2_GGGAG	database_>M044_0.6_7	-3	0.00252685	4	0.999999	1	GGGGAGG	G	+
PPIG_HepG2_GGGAG	database_>M083_0.6_7	-3	0.00252685	4	0.999999	1	GGGGAGG	G	+
PPIG_HepG2_GGGAG	database_>M145_0.6_7	-3	0.00252685	4	0.999999	1	GGGGAGG	G	+
PPIG_HepG2_GGGAG	database_>s102_7	-3	0.00252685	4	0.999999	1	GGGGAGG	G	+
PPIG_HepG2_GGGAG	database_>M009_0.6_7	-3	0.00442198	7	0.999999	1	GGGGAGG	G	+
PPIG_HepG2_GGGAG	database_>M147_0.6_7	-3	0.00442198	7	0.999999	1	GGGGAGG	G	+
PPIG_HepG2_GGGAG	database_>s99_7	-3	0.00442198	7	0.999999	1	GGGGAGG	G	+
PPIG_HepG2_GGGCA	database_>s11_7	-3	0.000631712	1	0.983067	1	GGGCCAG	G	+
PPIG_HepG2_GGGCA	database_>M044_0.6_7	-3	0.00379027	6	0.983067	1	GGGCCAG	G	+
PPIG_HepG2_GGGCA	database_>s102_7	-3	0.00379027	6	0.983067	1	GGGCCAG	G	+
PPIG_HepG2_GGGCA	database_>s20_6	-3	0.00379027	6	0.983067	1	GGGCCAG	C	+
PPIG_HepG2_GGGCA	database_>s52_7	-3	0.00379027	6	0.983067	1	GGGCCAG	G	+
PPIG_HepG2_GGGCA	database_>s99_7	-3	0.00379027	6	0.983067	1	GGGCCAG	G	+
PPIG_HepG2_GGGCA	database_>M237_0.6_8	-3	0.00442198	7	0.983067	1	GGGCCAG	C	+
PPIG_HepG2_GGGCA	database_>M009_0.6_7	-3	0.00568541	9	0.983067	1	GGGCCAG	G	+
PPIG_HepG2_GGGCA	database_>s8_7	-3	0.00568541	9	0.983067	1	GGGCCAG	C	+
PPIG_HepG2_GGGCA	database_>M083_0.6_7	-3	0.00631712	10	0.983067	1	GGGCCAG	G	+
PPIG_HepG2_GAGUG	database_>s11_7	-6	0.00126302	1.99937	0.901025	1	AGAGUGC	G	+
PPIG_HepG2_GAGUG	database_>s68_4	-2	0.00126302	1.99937	0.901025	1	AGAGUGC	C	+
PPIG_HepG2_GAGGA	database_>M237_0.6_8	-6	0.00126342	2	0.881566	1	UGAGGAC	C	+
PPIG_HepG2_GAGGA	database_>s20_6	-6	0.00126342	2	0.881566	1	UGAGGAC	C	+
PPIG_HepG2_GAGGA	database_>s11_7	-6	0.00315856	5	0.881566	1	UGAGGAC	G	+
PPIG_HepG2_GAGGA	database_>s50_7	-6	0.00315856	5	0.881566	1	UGAGGAC	C	+
PPIG_HepG2_GAGGA	database_>s8_7	-6	0.00315856	5	0.881566	1	UGAGGAC	C	+
PPIG_HepG2_GAGGA	database_>s52_7	-6	0.00379027	6	0.881566	1	UGAGGAC	G	+
PPIG_HepG2_GAGGA	database_>M044_0.6_7	-6	0.0050537	8	0.881566	1	UGAGGAC	G	+
PPIG_HepG2_GAGGA	database_>s99_7	-6	0.0050537	8	0.881566	1	UGAGGAC	G	+
PPIG_HepG2_GAGGA	database_>s102_7	-6	0.00568541	9	0.881566	1	UGAGGAC	G	+
PPIG_HepG2_GCGGC	database_>M106_0.6_8	-5	0.00126342	2	0.93335	1	AGCGGCU	C	+
PPIG_HepG2_GCGGC	database_>s38_4	-5	0.00126342	2	0.93335	1	AGCGGCU	C	+
PPIG_HepG2_GCGGC	database_>M140_0.6_7	-5	0.00252685	4	0.93335	1	AGCGGCU	C	+
PPIG_HepG2_GCGGC	database_>M211_0.6_7	-5	0.00252685	4	0.93335	1	AGCGGCU	C	+
PPIG_HepG2_GCGGC	database_>M035_0.6_7	-5	0.00442198	7	0.93335	1	AGCGGCU	C	+
PPIG_HepG2_GCGGC	database_>M236_0.6_7	-5	0.00442198	7	0.93335	1	AGCGGCU	C	+
PPIG_HepG2_GCGGC	database_>s68_4	-5	0.00442198	7	0.93335	1	AGCGGCU	C	+
PPIG_HepG2_CCUCA	database_>M237_0.6_8	-6	0.00189514	3	0.878157	1	CCCUCAC	C	+
PPIG_HepG2_CCUCA	database_>s20_6	-6	0.00189514	3	0.878157	1	CCCUCAC	C	+
PPIG_HepG2_CCUCA	database_>s50_7	-6	0.00189514	3	0.878157	1	CCCUCAC	C	+
PPIG_HepG2_CCUCA	database_>s8_7	-6	0.00252685	4	0.878157	1	CCCUCAC	C	+
PPIG_HepG2_CCUCA	database_>s11_7	-6	0.00379027	6	0.878157	1	CCCUCAC	G	+
PPIG_HepG2_CCUCA	database_>s48_7	-6	0.00379027	6	0.878157	1	CCCUCAC	C	+
PPIG_HepG2_UGGUC	database_>s68_4	-6	0.000631712	1	0.88913	1	CUGGUCA	C	+
PPIG_HepG2_UGGUC	database_>M036_0.6_7	-6	0.00379027	6	0.88913	1	CUGGUCA	A	+
PPIG_HepG2_UGGUC	database_>M106_0.6_8	-6	0.00379027	6	0.88913	1	CUGGUCA	C	+
PPIG_HepG2_UGGUC	database_>M185_0.6_8	-6	0.00379027	6	0.88913	1	CUGGUCA	A	+
PPIG_HepG2_UGGUC	database_>s38_4	-6	0.00379027	6	0.88913	1	CUGGUCA	C	+
PPIG_HepG2_UGGUC	database_>s7_6	-6	0.00379027	6	0.88913	1	CUGGUCA	C	+
PPIG_HepG2_UGGUC	database_>M140_0.6_7	-6	0.0050537	8	0.88913	1	CUGGUCA	C	+
PPIG_HepG2_UGGUC	database_>M243_0.6_7	-6	0.0050537	8	0.88913	1	CUGGUCA	A	+
PPIG_HepG2_UGGUC	database_>M035_0.6_7	-6	0.00631712	10	0.88913	1	CUGGUCA	C	+
PPIG_HepG2_UGGUC	database_>s3_7	-6	0.00631712	10	0.88913	1	CUGGUCA	C	+
RBM15_K562_UCCCC	database_>M243_0.6_7	-6	0.000631712	1	0.946719	1	UUCCCCA	A	+
RBM15_K562_UCCCC	database_>M036_0.6_7	-6	0.00189514	3	0.946719	1	UUCCCCA	A	+
RBM15_K562_UCCCC	database_>M161_0.6_7	-6	0.00189514	3	0.946719	1	UUCCCCA	A	+
RBM15_K562_GGGGC	database_>M083_0.6_7	-2	0.00189514	3	1	1	GGGGGCG	G	+
RBM15_K562_GGGGC	database_>M145_0.6_7	-2	0.00189514	3	1	1	GGGGGCG	G	+
RBM15_K562_GGGGC	database_>s102_7	-2	0.00189514	3	1	1	GGGGGCG	G	+
RBM15_K562_GGGGC	database_>M044_0.6_7	-2	0.00252685	4	1	1	GGGGGCG	G	+
RBM15_K562_GGGGC	database_>M009_0.6_7	-2	0.00630874	9.98673	1	1	GGGGGCG	G	+
RBM15_K562_GGGGC	database_>M147_0.6_7	-6	0.00630874	9.98673	1	1	GGGGGCG	G	+
RBM15_K562_GGGGC	database_>s99_7	-2	0.00630874	9.98673	1	1	GGGGGCG	G	+
RBM15_K562_AAGCG	database_>M083_0.6_7	0	0.00189514	3	1	1	GAAGCGG	G	+
RBM15_K562_AAGCG	database_>M145_0.6_7	0	0.00189514	3	1	1	GAAGCGG	G	+
RBM15_K562_AAGCG	database_>s102_7	0	0.00189514	3	1	1	GAAGCGG	G	+
RBM15_K562_AAGCG	database_>M044_0.6_7	0	0.00252685	4	1	1	GAAGCGG	G	+
RBM15_K562_AAGCG	database_>M009_0.6_7	0	0.00442198	7	1	1	GAAGCGG	G	+
RBM15_K562_AAGCG	database_>M147_0.6_7	0	0.00442198	7	1	1	GAAGCGG	G	+
RBM15_K562_AAGCG	database_>s99_7	0	0.00442198	7	1	1	GAAGCGG	G	+
RBM15_K562_AAGCG	database_>M123_0.6_7	0	0.00631712	10	1	1	GAAGCGG	G	+
RBM15_K562_AAGCG	database_>M151_0.6_7	0	0.00631712	10	1	1	GAAGCGG	G	+
RBM15_K562_AAGCG	database_>s11_7	0	0.00631712	10	1	1	GAAGCGG	G	+
RBM15_K562_CCGGU	database_>M106_0.6_8	0	0.00315856	5	0.908814	1	CCCGGCU	C	+
RBM15_K562_CCGGU	database_>M211_0.6_7	0	0.00315856	5	0.908814	1	CCCGGCU	C	+
RBM15_K562_CCGGU	database_>M227_0.6_7	0	0.00315856	5	0.908814	1	CCCGGCU	C	+
RBM15_K562_CCGGU	database_>M236_0.6_7	0	0.00315856	5	0.908814	1	CCCGGCU	C	+
RBM15_K562_CCGGU	database_>s38_4	0	0.00315856	5	0.908814	1	CCCGGCU	C	+
RBM15_K562_CCGGU	database_>M035_0.6_7	0	0.00631712	10	0.908814	1	CCCGGCU	C	+
RBM15_K562_CCGGU	database_>M073_0.6_7	0	0.00631712	10	0.908814	1	CCCGGCU	C	+
RBM15_K562_CCGGU	database_>M139_0.6_7	0	0.00631712	10	0.908814	1	CCCGGCU	C	+
RBM15_K562_CCGGU	database_>M140_0.6_7	0	0.00631712	10	0.908814	1	CCCGGCU	C	+
RBM15_K562_CCGGU	database_>M242_0.6_7	0	0.00631712	10	0.908814	1	CCCGGCU	C	+
RBM15_K562_CAGGG	database_>s50_7	-6	0.000631712	1	1	1	CCAGGGC	C	+
RBM15_K562_CCCUC	database_>s68_4	-1	0.00126302	1.99937	1	1	AACCUCC	C	+
RBM15_K562_CGCCG	database_>s68_4	-6	0.000631712	1	0.916776	1	CCGCCGA	C	+
RBM15_K562_CGCCG	database_>M036_0.6_7	-6	0.00379027	6	0.916776	1	CCGCCGA	A	+
RBM15_K562_CGCCG	database_>M106_0.6_8	-6	0.00379027	6	0.916776	1	CCGCCGA	C	+
RBM15_K562_CGCCG	database_>M185_0.6_8	-6	0.00379027	6	0.916776	1	CCGCCGA	A	+
RBM15_K562_CGCCG	database_>s38_4	-6	0.00379027	6	0.916776	1	CCGCCGA	C	+
RBM15_K562_CGCCG	database_>s7_6	-6	0.00379027	6	0.916776	1	CCGCCGA	C	+
RBM15_K562_CGCCG	database_>M140_0.6_7	-6	0.0050537	8	0.916776	1	CCGCCGA	C	+
RBM15_K562_CGCCG	database_>M243_0.6_7	-6	0.0050537	8	0.916776	1	CCGCCGA	A	+
RBM15_K562_CGCCG	database_>M035_0.6_7	-6	0.00631712	10	0.916776	1	CCGCCGA	C	+
RBM15_K562_CGCCG	database_>s3_7	-6	0.00631712	10	0.916776	1	CCGCCGA	C	+
RBM15_K562_GCUGG	database_>s11_7	-5	0.000631712	1	0.926493	1	AGCUGCC	G	+
RBM15_K562_GCUGG	database_>M044_0.6_7	-5	0.00379027	6	0.926493	1	AGCUGCC	G	+
RBM15_K562_GCUGG	database_>s102_7	-5	0.00379027	6	0.926493	1	AGCUGCC	G	+
RBM15_K562_GCUGG	database_>s20_6	-5	0.00379027	6	0.926493	1	AGCUGCC	C	+
RBM15_K562_GCUGG	database_>s52_7	-5	0.00379027	6	0.926493	1	AGCUGCC	G	+
RBM15_K562_GCUGG	database_>s99_7	-5	0.00379027	6	0.926493	1	AGCUGCC	G	+
RBM15_K562_GCUGG	database_>M237_0.6_8	-5	0.00442198	7	0.926493	1	AGCUGCC	C	+
RBM15_K562_GCUGG	database_>M009_0.6_7	-5	0.00568541	9	0.926493	1	AGCUGCC	G	+
RBM15_K562_GCUGG	database_>s8_7	-5	0.00568541	9	0.926493	1	AGCUGCC	C	+
RBM15_K562_GCUGG	database_>M083_0.6_7	-5	0.00631712	10	0.926493	1	AGCUGCC	G	+
RBM15_K562_CUCCAG	database_>s11_7	-6	0.000631712	1	1	1	CACCAGC	G	+
RBM15_K562_CUCCAG	database_>M044_0.6_7	-6	0.00379027	6	1	1	CACCAGC	G	+
RBM15_K562_CUCCAG	database_>s102_7	-6	0.00379027	6	1	1	CACCAGC	G	+
RBM15_K562_CUCCAG	database_>s20_6	-6	0.00379027	6	1	1	CACCAGC	C	+
RBM15_K562_CUCCAG	database_>s52_7	-6	0.00379027	6	1	1	CACCAGC	G	+
RBM15_K562_CUCCAG	database_>s99_7	-6	0.00379027	6	1	1	CACCAGC	G	+
RBM15_K562_CUCCAG	database_>M237_0.6_8	-6	0.00442198	7	1	1	CACCAGC	C	+
RBM15_K562_CUCCAG	database_>M009_0.6_7	-6	0.00568541	9	1	1	CACCAGC	G	+
RBM15_K562_CUCCAG	database_>s8_7	-6	0.00568541	9	1	1	CACCAGC	C	+
RBM15_K562_CUCCAG	database_>M083_0.6_7	-6	0.00631712	10	1	1	CACCAGC	G	+
RPS3_HepG2_GGAGC	database_>M083_0.6_7	-1	0.00189514	3	0.999999	1	GGGAGCC	G	+
RPS3_HepG2_GGAGC	database_>M145_0.6_7	-1	0.00189514	3	0.999999	1	GGGAGCC	G	+
RPS3_HepG2_GGAGC	database_>M147_0.6_7	-1	0.00189514	3	0.999999	1	GGGAGCC	G	+
RPS3_HepG2_GGAGC	database_>M076_0.6_7	-1	0.00442198	7	0.999999	1	GGGAGCC	G	+
RPS3_HepG2_GGAGC	database_>M109_0.6_7	-1	0.00442198	7	0.999999	1	GGGAGCC	G	+
RPS3_HepG2_GGAGC	database_>M123_0.6_7	-1	0.00442198	7	0.999999	1	GGGAGCC	G	+
RPS3_HepG2_GGAGC	database_>M151_0.6_7	-1	0.00442198	7	0.999999	1	GGGAGCC	G	+
RPS3_HepG2_GUACC	database_>s68_4	-3	0.000631712	1	0.768248	1	GGUACCC	C	+
RPS3_HepG2_GUACC	database_>M036_0.6_7	-3	0.00379027	6	0.768248	1	GGUACCC	A	+
RPS3_HepG2_GUACC	database_>M106_0.6_8	-3	0.00379027	6	0.768248	1	GGUACCC	C	+
RPS3_HepG2_GUACC	database_>M185_0.6_8	-3	0.00379027	6	0.768248	1	GGUACCC	A	+
RPS3_HepG2_GUACC	database_>s38_4	-3	0.00379027	6	0.768248	1	GGUACCC	C	+
RPS3_HepG2_GUACC	database_>s7_6	-3	0.00379027	6	0.768248	1	GGUACCC	C	+
RPS3_HepG2_GUACC	database_>M140_0.6_7	-3	0.0050537	8	0.768248	1	GGUACCC	C	+
RPS3_HepG2_GUACC	database_>M243_0.6_7	-3	0.0050537	8	0.768248	1	GGUACCC	A	+
RPS3_HepG2_GUACC	database_>M035_0.6_7	-3	0.00631712	10	0.768248	1	GGUACCC	C	+
RPS3_HepG2_GUACC	database_>s3_7	-3	0.00631712	10	0.768248	1	GGUACCC	C	+
RPS3_HepG2_GGCCU	database_>s11_7	-6	0.00126342	2	0.897135	1	AGGCCUC	G	+
RPS3_HepG2_GGCCU	database_>s52_7	-6	0.00126342	2	0.897135	1	AGGCCUC	G	+
RPS3_HepG2_GGCCU	database_>M044_0.6_7	-6	0.00252685	4	0.897135	1	AGGCCUC	G	+
RPS3_HepG2_GGCCU	database_>s99_7	-6	0.00252685	4	0.897135	1	AGGCCUC	G	+
RPS3_HepG2_GGCCU	database_>M237_0.6_8	-6	0.0050537	8	0.897135	1	AGGCCUC	C	+
RPS3_HepG2_GGCCU	database_>s102_7	-6	0.0050537	8	0.897135	1	AGGCCUC	G	+
RPS3_HepG2_GGCCU	database_>s20_6	-6	0.0050537	8	0.897135	1	AGGCCUC	C	+
RPS3_HepG2_GGCCU	database_>s8_7	-6	0.0050537	8	0.897135	1	AGGCCUC	C	+
RPS3_HepG2_CCGAG	database_>M106_0.6_8	-5	0.00504771	7.99052	0.997407	1	CCCGACG	C	+
RPS3_HepG2_CCGAG	database_>M211_0.6_7	-5	0.00504771	7.99052	0.997407	1	CCCGACG	C	+
RPS3_HepG2_CCGAG	database_>M227_0.6_7	-5	0.00504771	7.99052	0.997407	1	CCCGACG	C	+
RPS3_HepG2_CCGAG	database_>M236_0.6_7	-5	0.00504771	7.99052	0.997407	1	CCCGACG	C	+
RPS3_HepG2_CCGAG	database_>M237_0.6_8	0	0.00504771	7.99052	0.997407	1	CCCGACG	C	+
RPS3_HepG2_CCGAG	database_>s20_6	0	0.00504771	7.99052	0.997407	1	CCCGACG	C	+
RPS3_HepG2_CCGAG	database_>s38_4	-5	0.00504771	7.99052	0.997407	1	CCCGACG	C	+
RPS3_HepG2_CCGAG	database_>s50_7	0	0.00504771	7.99052	0.997407	1	CCCGACG	C	+
RPS3_HepG2_GGUCA	database_>M083_0.6_7	0	0.00126342	2	1	1	GGGUCCC	G	+
RPS3_HepG2_GGUCA	database_>M145_0.6_7	0	0.00126342	2	1	1	GGGUCCC	G	+
RPS3_HepG2_GGUCA	database_>M147_0.6_7	0	0.00252685	4	1	1	GGGUCCC	G	+
RPS3_HepG2_GGUCA	database_>M151_0.6_7	0	0.00252685	4	1	1	GGGUCCC	G	+
RPS3_HepG2_GCCAC	database_>M027_0.6_7	-4	0.00568541	9	0.991474	1	AGCCACC	A	+
RPS3_HepG2_GCCAC	database_>M055_0.6_7	-4	0.00568541	9	0.991474	1	AGCCACC	A	+
RPS3_HepG2_GCCAC	database_>M086_0.6_7	-4	0.00568541	9	0.991474	1	AGCCACC	A	+
RPS3_HepG2_GCCAC	database_>M163_0.6_7	-4	0.00568541	9	0.991474	1	AGCCACC	A	+
RPS3_HepG2_GCCAC	database_>M197_0.6_8	-4	0.00568541	9	0.991474	1	AGCCACC	A	+
RPS3_HepG2_GCCAC	database_>M243_0.6_7	-4	0.00568541	9	0.991474	1	AGCCACC	A	+
RPS3_HepG2_GCCAC	database_>M331_0.6_10	-4	0.00568541	9	0.991474	1	AGCCACC	A	+
RPS3_HepG2_GCCAC	database_>M353_0.6_9	-4	0.00568541	9	0.991474	1	AGCCACC	A	+
RPS3_HepG2_GCCAC	database_>s97_5	-4	0.00568541	9	0.991474	1	AGCCACC	A	+
RPS3_HepG2_GCUGU	database_>M147_0.6_7	-4	0.00126342	2	0.856609	1	GGCUGCA	G	+
RPS3_HepG2_GCUGU	database_>M151_0.6_7	-4	0.00126342	2	0.856609	1	GGCUGCA	G	+
RPS3_HepG2_GUCCG	database_>M083_0.6_7	-1	0.00126342	2	0.999998	1	CGUCCGG	G	+
RPS3_HepG2_GUCCG	database_>M145_0.6_7	-1	0.00126342	2	0.999998	1	CGUCCGG	G	+
RPS3_HepG2_GUCCG	database_>M147_0.6_7	-1	0.00252685	4	0.999998	1	CGUCCGG	G	+
RPS3_HepG2_GUCCG	database_>M151_0.6_7	-1	0.00252685	4	0.999998	1	CGUCCGG	G	+
RPS3_HepG2_ACCCA	database_>M237_0.6_8	-5	0.00378668	5.99431	1	1	CACCCCU	C	+
RPS3_HepG2_ACCCA	database_>s20_6	-5	0.00378668	5.99431	1	1	CACCCCU	C	+
RPS3_HepG2_ACCCA	database_>s50_7	-5	0.00378668	5.99431	1	1	CACCCCU	C	+
RPS3_HepG2_ACCCA	database_>s8_7	-5	0.00504731	7.98989	1	1	CACCCCU	C	+
RPS3_HepG2_GCUCC	database_>s11_7	-5	0.000631712	1	1	1	GGCUCCG	G	+
RPS3_HepG2_GCUCC	database_>M044_0.6_7	-5	0.00379027	6	1	1	GGCUCCG	G	+
RPS3_HepG2_GCUCC	database_>s102_7	-5	0.00379027	6	1	1	GGCUCCG	G	+
RPS3_HepG2_GCUCC	database_>s20_6	-5	0.00379027	6	1	1	GGCUCCG	C	+
RPS3_HepG2_GCUCC	database_>s52_7	-5	0.00379027	6	1	1	GGCUCCG	G	+
RPS3_HepG2_GCUCC	database_>s99_7	-5	0.00379027	6	1	1	GGCUCCG	G	+
RPS3_HepG2_GCUCC	database_>M237_0.6_8	-5	0.00442198	7	1	1	GGCUCCG	C	+
RPS3_HepG2_GCUCC	database_>M009_0.6_7	-5	0.00568541	9	1	1	GGCUCCG	G	+
RPS3_HepG2_GCUCC	database_>s8_7	-5	0.00568541	9	1	1	GGCUCCG	C	+
RPS3_HepG2_GCUCC	database_>M083_0.6_7	-5	0.00631712	10	1	1	GGCUCCG	G	+
RPS3_HepG2_CACCG	database_>M243_0.6_7	-2	0.000631712	1	1	1	UCACCGG	A	+
RPS3_HepG2_CACCG	database_>M036_0.6_7	-2	0.00189514	3	1	1	UCACCGG	A	+
RPS3_HepG2_CACCG	database_>M161_0.6_7	-2	0.00189514	3	1	1	UCACCGG	A	+
RPS3_HepG2_GGUGG	database_>s11_7	-6	0.000631712	1	0.94437	1	GGGUGGC	G	+
RPS3_HepG2_GGUGG	database_>M044_0.6_7	-6	0.00379027	6	0.94437	1	GGGUGGC	G	+
RPS3_HepG2_GGUGG	database_>s102_7	-6	0.00379027	6	0.94437	1	GGGUGGC	G	+
RPS3_HepG2_GGUGG	database_>s20_6	-6	0.00379027	6	0.94437	1	GGGUGGC	C	+
RPS3_HepG2_GGUGG	database_>s52_7	-6	0.00379027	6	0.94437	1	GGGUGGC	G	+
RPS3_HepG2_GGUGG	database_>s99_7	-6	0.00379027	6	0.94437	1	GGGUGGC	G	+
RPS3_HepG2_GGUGG	database_>M237_0.6_8	-6	0.00442198	7	0.94437	1	GGGUGGC	C	+
RPS3_HepG2_GGUGG	database_>M009_0.6_7	-6	0.00568541	9	0.94437	1	GGGUGGC	G	+
RPS3_HepG2_GGUGG	database_>s8_7	-6	0.00568541	9	0.94437	1	GGGUGGC	C	+
RPS3_HepG2_GGUGG	database_>M083_0.6_7	-6	0.00631712	10	0.94437	1	GGGUGGC	G	+
RPS3_HepG2_CCCUG	database_>s11_7	-5	0.00126302	1.99937	1	1	CCCCUCC	G	+
RPS3_HepG2_UGCCC	database_>M044_0.6_7	0	0.00126342	2	1	1	GUGCCCC	G	+
RPS3_HepG2_UGCCC	database_>s102_7	0	0.00126342	2	1	1	GUGCCCC	G	+
RPS3_HepG2_UGCCC	database_>s99_7	0	0.00189514	3	1	1	GUGCCCC	G	+
RPS3_HepG2_UGCCC	database_>M083_0.6_7	0	0.00379027	6	1	1	GUGCCCC	G	+
RPS3_HepG2_UGCCC	database_>M145_0.6_7	0	0.00379027	6	1	1	GUGCCCC	G	+
RPS3_HepG2_UGCCC	database_>s11_7	0	0.00379027	6	1	1	GUGCCCC	G	+
RPS3_HepG2_UGCCC	database_>M009_0.6_7	0	0.0050537	8	1	1	GUGCCCC	G	+
RPS3_HepG2_UGCCC	database_>s52_7	0	0.0050537	8	1	1	GUGCCCC	G	+
SND1_HepG2_ACCAG	database_>M109_0.6_7	-5	0.00189514	3	0.765387	1	UUCCAGC	G	+
SND1_HepG2_ACCAG	database_>M147_0.6_7	-5	0.00189514	3	0.765387	1	UUCCAGC	G	+
SND1_HepG2_ACCAG	database_>M151_0.6_7	-5	0.00189514	3	0.765387	1	UUCCAGC	G	+
SND1_HepG2_UGGUG	database_>M237_0.6_8	-3	0.00126342	2	1	1	CUGCUGG	C	+
SND1_HepG2_UGGUG	database_>s20_6	-3	0.00126342	2	1	1	CUGCUGG	C	+
SND1_HepG2_UGGUG	database_>s11_7	-3	0.00315856	5	1	1	CUGCUGG	G	+
SND1_HepG2_UGGUG	database_>s50_7	-3	0.00315856	5	1	1	CUGCUGG	C	+
SND1_HepG2_UGGUG	database_>s8_7	-3	0.00315856	5	1	1	CUGCUGG	C	+
SND1_HepG2_UGGUG	database_>s52_7	-3	0.00379027	6	1	1	CUGCUGG	G	+
SND1_HepG2_UGGUG	database_>M044_0.6_7	-3	0.0050537	8	1	1	CUGCUGG	G	+
SND1_HepG2_UGGUG	database_>s99_7	-3	0.0050537	8	1	1	CUGCUGG	G	+
SND1_HepG2_UGGUG	database_>s102_7	-3	0.00568541	9	1	1	CUGCUGG	G	+
SND1_HepG2_UGGUG	database_>s2_6	-3	0.00631712	10	1	1	CUGCUGG	C	+
SND1_HepG2_GCUGC	database_>M237_0.6_8	-1	0.00189514	3	0.970637	1	UCCUGCC	C	+
SND1_HepG2_GCUGC	database_>s20_6	-1	0.00189514	3	0.970637	1	UCCUGCC	C	+
SND1_HepG2_GCUGC	database_>s50_7	-1	0.00189514	3	0.970637	1	UCCUGCC	C	+
SND1_HepG2_GCUGC	database_>s8_7	-1	0.00252685	4	0.970637	1	UCCUGCC	C	+
SND1_HepG2_GCUGC	database_>s11_7	-1	0.00379027	6	0.970637	1	UCCUGCC	G	+
SND1_HepG2_GCUGC	database_>s48_7	-1	0.00379027	6	0.970637	1	UCCUGCC	C	+
SND1_HepG2_CAGGU	database_>M083_0.6_7	-3	0.00189514	3	0.766591	1	ACAGGUC	G	+
SND1_HepG2_CAGGU	database_>M145_0.6_7	-3	0.00189514	3	0.766591	1	ACAGGUC	G	+
SND1_HepG2_CAGGU	database_>M147_0.6_7	-3	0.00189514	3	0.766591	1	ACAGGUC	G	+
SND1_HepG2_GGUCAU	database_>M237_0.6_8	-6	0.00252565	3.99811	0.834243	1	GGUCAUC	C	+
SND1_HepG2_GGUCAU	database_>M243_0.6_7	-4	0.00252565	3.99811	0.834243	1	GGUCAUC	A	+
SND1_HepG2_GGUCAU	database_>s20_6	-6	0.00252565	3.99811	0.834243	1	GGUCAUC	C	+
SND1_HepG2_GGUCAU	database_>s50_7	-6	0.00252565	3.99811	0.834243	1	GGUCAUC	C	+
SND1_HepG2_GGUCAU	database_>M036_0.6_7	-4	0.00441719	6.99242	0.834243	1	GGUCAUC	A	+
SND1_HepG2_GGUCAU	database_>M161_0.6_7	-4	0.00441719	6.99242	0.834243	1	GGUCAUC	A	+
SND1_HepG2_GGUCAU	database_>M185_0.6_8	-4	0.00441719	6.99242	0.834243	1	GGUCAUC	A	+
UPF1_HepG2_CUCCU	database_>M147_0.6_7	-6	0.000631712	1	0.878535	1	CCUCCUG	G	+
UPF1_HepG2_CCUGA	database_>M083_0.6_7	-4	0.00189514	3	0.80568	1	CCCUGAG	G	+
UPF1_HepG2_CCUGA	database_>M145_0.6_7	-4	0.00189514	3	0.80568	1	CCCUGAG	G	+
UPF1_HepG2_CCUGA	database_>M147_0.6_7	-4	0.00189514	3	0.80568	1	CCCUGAG	G	+
UPF1_HepG2_CCUGA	database_>M123_0.6_7	-4	0.00379027	6	0.80568	1	CCCUGAG	G	+
UPF1_HepG2_CCUGA	database_>M151_0.6_7	-4	0.00379027	6	0.80568	1	CCCUGAG	G	+
UPF1_HepG2_CCUGA	database_>s102_7	-4	0.00379027	6	0.80568	1	CCCUGAG	G	+
UPF1_HepG2_GCACC	database_>s50_7	0	0.000631712	1	1	1	CCCACCC	C	+
UPF1_HepG2_GCACC	database_>M237_0.6_8	0	0.00189514	3	1	1	CCCACCC	C	+
UPF1_HepG2_GCACC	database_>s20_6	0	0.00189514	3	1	1	CCCACCC	C	+
UPF1_HepG2_GCACC	database_>M256_0.6_6	0	0.00379027	6	1	1	CCCACCC	C	+
UPF1_HepG2_GCACC	database_>s48_7	0	0.00379027	6	1	1	CCCACCC	C	+
UPF1_HepG2_GCACC	database_>s8_7	0	0.00379027	6	1	1	CCCACCC	C	+
UPF1_HepG2_ACCCA	database_>s11_7	-6	0.000631712	1	0.959146	1	CACCCAC	G	+
UPF1_HepG2_ACCCA	database_>M044_0.6_7	-6	0.00379027	6	0.959146	1	CACCCAC	G	+
UPF1_HepG2_ACCCA	database_>s102_7	-6	0.00379027	6	0.959146	1	CACCCAC	G	+
UPF1_HepG2_ACCCA	database_>s20_6	-6	0.00379027	6	0.959146	1	CACCCAC	C	+
UPF1_HepG2_ACCCA	database_>s52_7	-6	0.00379027	6	0.959146	1	CACCCAC	G	+
UPF1_HepG2_ACCCA	database_>s99_7	-6	0.00379027	6	0.959146	1	CACCCAC	G	+
UPF1_HepG2_ACCCA	database_>M237_0.6_8	-6	0.00442198	7	0.959146	1	CACCCAC	C	+
UPF1_HepG2_ACCCA	database_>M009_0.6_7	-6	0.00631353	9.99432	0.959146	1	CACCCAC	G	+
UPF1_HepG2_ACCCA	database_>M236_0.6_7	-3	0.00631353	9.99432	0.959146	1	CACCCAC	C	+
UPF1_HepG2_ACCCA	database_>s8_7	-6	0.00631353	9.99432	0.959146	1	CACCCAC	C	+
UPF1_HepG2_CCAGG	database_>M026_0.6_7	-1	0.00252685	4	0.824451	1	UCCAGGC	C	+
UPF1_HepG2_CCAGG	database_>M073_0.6_7	-1	0.00252685	4	0.824451	1	UCCAGGC	C	+
UPF1_HepG2_CCAGG	database_>M139_0.6_7	-1	0.00252685	4	0.824451	1	UCCAGGC	C	+
UPF1_HepG2_CCAGG	database_>M242_0.6_7	-1	0.00252685	4	0.824451	1	UCCAGGC	C	+
UPF1_HepG2_UCCCC	database_>M237_0.6_8	-2	0.00189514	3	0.933795	1	UUCCCCG	C	+
UPF1_HepG2_UCCCC	database_>s20_6	-2	0.00189514	3	0.933795	1	UUCCCCG	C	+
UPF1_HepG2_UCCCC	database_>s50_7	-2	0.00189514	3	0.933795	1	UUCCCCG	C	+
UPF1_HepG2_UCCCC	database_>s8_7	-2	0.00252685	4	0.933795	1	UUCCCCG	C	+
UPF1_HepG2_UCCCC	database_>s11_7	-2	0.00379027	6	0.933795	1	UUCCCCG	G	+
UPF1_HepG2_UCCCC	database_>s48_7	-2	0.00379027	6	0.933795	1	UUCCCCG	C	+
UPF1_HepG2_CCACA	database_>M145_0.6_7	-6	0.00189514	3	0.935493	1	GCCACAG	G	+
UPF1_HepG2_CCACA	database_>M147_0.6_7	-6	0.00189514	3	0.935493	1	GCCACAG	G	+
UPF1_HepG2_CCACA	database_>M151_0.6_7	-6	0.00189514	3	0.935493	1	GCCACAG	G	+
UPF1_HepG2_CAGAG	database_>s50_7	-6	0.000631712	1	0.940137	1	CCAGAGC	C	+
UPF1_HepG2_AGUGG	database_>s11_7	-6	0.000631712	1	1	1	CAGUGGC	G	+
UPF1_HepG2_AGUGG	database_>M044_0.6_7	-6	0.00379027	6	1	1	CAGUGGC	G	+
UPF1_HepG2_AGUGG	database_>s102_7	-6	0.00379027	6	1	1	CAGUGGC	G	+
UPF1_HepG2_AGUGG	database_>s20_6	-6	0.00379027	6	1	1	CAGUGGC	C	+
UPF1_HepG2_AGUGG	database_>s52_7	-6	0.00379027	6	1	1	CAGUGGC	G	+
UPF1_HepG2_AGUGG	database_>s99_7	-6	0.00379027	6	1	1	CAGUGGC	G	+
UPF1_HepG2_AGUGG	database_>M237_0.6_8	-6	0.00442198	7	1	1	CAGUGGC	C	+
UPF1_HepG2_AGUGG	database_>M009_0.6_7	-6	0.00568541	9	1	1	CAGUGGC	G	+
UPF1_HepG2_AGUGG	database_>s8_7	-6	0.00568541	9	1	1	CAGUGGC	C	+
UPF1_HepG2_AGUGG	database_>M083_0.6_7	-6	0.00631712	10	1	1	CAGUGGC	G	+

# Tomtom (Motif Comparison Tool): Version 5.5.0 compiled on Jan 13 2023 at 21:50:23
# The format of this file is described at https://meme-suite.org/meme/doc/tomtom-output-format.html.
# tomtom -no-ssc -oc /Users/reagan/Downloads/ATtRACT/output -verbosity 2 -min-overlap 5 -dist pearson -evalue -thresh 10 -xalph /Users/reagan/Downloads/ATtRACT/v2.0_all_motifs.txt /Users/reagan/Downloads/ATtRACT/ATtRacT_database_pwm.txt
